19,Stopping : standard deviation of the last 20 best fitnesses is smaller than 0.05 : 0.0232862
20,Stopping : standard deviation of the last 20 best fitnesses is smaller than 0.05 : 0.0245749
21,Stopping : standard deviation of the last 20 best fitnesses is smaller than 0.05 : 0.024457
22,Stopping : standard deviation of the last 20 best fitnesses is smaller than 0.05 : 0.0249769
23,Stopping : standard deviation of the last 20 best fitnesses is smaller than 0.05 : 0.024033
24,Stopping : standard deviation of the last 20 best fitnesses is smaller than 0.05 : 0.0231756
25,Stopping : standard deviation of the last 20 best fitnesses is smaller than 0.05 : 0.0220243
26,Stopping : standard deviation of the last 20 best fitnesses is smaller than 0.05 : 0.0204512
27,Stopping : standard deviation of the last 20 best fitnesses is smaller than 0.05 : 0.0186262
28,Stopping : standard deviation of the last 20 best fitnesses is smaller than 0.05 : 0.0162498
29,Stopping : standard deviation of the last 20 best fitnesses is smaller than 0.05 : 0.0151023
30,Stopping : standard deviation of the last 20 best fitnesses is smaller than 0.05 : 0.0116431
31,Stopping : standard deviation of the last 20 best fitnesses is smaller than 0.05 : 0.0116431
32,Stopping : standard deviation of the last 20 best fitnesses is smaller than 0.05 : 0.0112216
33,Stopping : standard deviation of the last 20 best fitnesses is smaller than 0.05 : 0.0112216
34,Stopping : standard deviation of the last 20 best fitnesses is smaller than 0.05 : 0.0107239
35,Stopping : standard deviation of the last 20 best fitnesses is smaller than 0.05 : 0.0107239
36,Stopping : standard deviation of the last 20 best fitnesses is smaller than 0.05 : 0.0101388
37,Stopping : standard deviation of the last 20 best fitnesses is smaller than 0.05 : 0.0107239
38,Stopping : standard deviation of the last 20 best fitnesses is smaller than 0.05 : 0.0112216
39,Stopping : standard deviation of the last 20 best fitnesses is smaller than 0.05 : 0.0112216
40,Stopping : standard deviation of the last 20 best fitnesses is smaller than 0.05 : 0.0112216
41,Stopping : standard deviation of the last 20 best fitnesses is smaller than 0.05 : 0.0116431
42,Stopping : standard deviation of the last 20 best fitnesses is smaller than 0.05 : 0.0108727
43,Stopping : standard deviation of the last 20 best fitnesses is smaller than 0.05 : 0.0104816
44,Stopping : standard deviation of the last 20 best fitnesses is smaller than 0.05 : 0.0104816
45,Stopping : standard deviation of the last 20 best fitnesses is smaller than 0.05 : 0.0104816
46,Stopping : standard deviation of the last 20 best fitnesses is smaller than 0.05 : 0.0104816
47,Stopping : standard deviation of the last 20 best fitnesses is smaller than 0.05 : 0.0104816
48,Stopping : standard deviation of the last 20 best fitnesses is smaller than 0.05 : 0.0104816
49,Stopping : standard deviation of the last 20 best fitnesses is smaller than 0.05 : 0.0104816
50,Stopping : standard deviation of the last 20 best fitnesses is smaller than 0.05 : 0.0107239
51,Stopping : standard deviation of the last 20 best fitnesses is smaller than 0.05 : 0.0113356
52,Stopping : standard deviation of the last 20 best fitnesses is smaller than 0.05 : 0.0118618
53,Stopping : standard deviation of the last 20 best fitnesses is smaller than 0.05 : 0.0116431
54,Stopping : standard deviation of the last 20 best fitnesses is smaller than 0.05 : 0.0116431
55,Stopping : standard deviation of the last 20 best fitnesses is smaller than 0.05 : 0.0112216
56,Stopping : standard deviation of the last 20 best fitnesses is smaller than 0.05 : 0.0116431
57,Stopping : standard deviation of the last 20 best fitnesses is smaller than 0.05 : 0.011193
58,Stopping : standard deviation of the last 20 best fitnesses is smaller than 0.05 : 0.0104816
59,Stopping : standard deviation of the last 20 best fitnesses is smaller than 0.05 : 0.0104816
60,Stopping : standard deviation of the last 20 best fitnesses is smaller than 0.05 : 0.01386
61,Stopping : standard deviation of the last 20 best fitnesses is smaller than 0.05 : 0.0129245
62,Stopping : standard deviation of the last 20 best fitnesses is smaller than 0.05 : 0.0128997
63,Stopping : standard deviation of the last 20 best fitnesses is smaller than 0.05 : 0.0128247
64,Stopping : standard deviation of the last 20 best fitnesses is smaller than 0.05 : 0.0126989
65,Stopping : standard deviation of the last 20 best fitnesses is smaller than 0.05 : 0.0125205
66,Stopping : standard deviation of the last 20 best fitnesses is smaller than 0.05 : 0.011193
67,Stopping : standard deviation of the last 20 best fitnesses is smaller than 0.05 : 0.0108727
68,Stopping : standard deviation of the last 20 best fitnesses is smaller than 0.05 : 0.0104816
69,Stopping : standard deviation of the last 20 best fitnesses is smaller than 0.05 : 0.0100113
70,Stopping : standard deviation of the last 20 best fitnesses is smaller than 0.05 : 0.0100113
71,Stopping : standard deviation of the last 20 best fitnesses is smaller than 0.05 : 0.0107239
72,Stopping : standard deviation of the last 20 best fitnesses is smaller than 0.05 : 0.0112216
73,Stopping : standard deviation of the last 20 best fitnesses is smaller than 0.05 : 0.0116431
74,Stopping : standard deviation of the last 20 best fitnesses is smaller than 0.05 : 0.0118618
75,Stopping : standard deviation of the last 20 best fitnesses is smaller than 0.05 : 0.0113356
76,Stopping : standard deviation of the last 20 best fitnesses is smaller than 0.05 : 0.0118618
77,Stopping : standard deviation of the last 20 best fitnesses is smaller than 0.05 : 0.0123136
78,Stopping : standard deviation of the last 20 best fitnesses is smaller than 0.05 : 0.0126989
79,Stopping : standard deviation of the last 20 best fitnesses is smaller than 0.05 : 0.0130236
80,Stopping : standard deviation of the last 20 best fitnesses is smaller than 0.05 : 0.0112216
81,Stopping : standard deviation of the last 20 best fitnesses is smaller than 0.05 : 0.0104816
82,Stopping : standard deviation of the last 20 best fitnesses is smaller than 0.05 : 0.0122875
83,Stopping : standard deviation of the last 20 best fitnesses is smaller than 0.05 : 0.0122875
84,Stopping : standard deviation of the last 20 best fitnesses is smaller than 0.05 : 0.0122875
85,Stopping : standard deviation of the last 20 best fitnesses is smaller than 0.05 : 0.0125205
86,Stopping : standard deviation of the last 20 best fitnesses is smaller than 0.05 : 0.0116431
87,Stopping : standard deviation of the last 20 best fitnesses is smaller than 0.05 : 0.0116431
88,Stopping : standard deviation of the last 20 best fitnesses is smaller than 0.05 : 0.0116431
89,Stopping : standard deviation of the last 20 best fitnesses is smaller than 0.05 : 0.0125205
90,Stopping : standard deviation of the last 20 best fitnesses is smaller than 0.05 : 0.0125205
91,Stopping : standard deviation of the last 20 best fitnesses is smaller than 0.05 : 0.0125205
92,Stopping : standard deviation of the last 20 best fitnesses is smaller than 0.05 : 0.0116431
93,Stopping : standard deviation of the last 20 best fitnesses is smaller than 0.05 : 0.0107239
94,Stopping : standard deviation of the last 20 best fitnesses is smaller than 0.05 : 0.0107239
95,Stopping : standard deviation of the last 20 best fitnesses is smaller than 0.05 : 0.0118618
96,Stopping : standard deviation of the last 20 best fitnesses is smaller than 0.05 : 0.0118888
97,Stopping : standard deviation of the last 20 best fitnesses is smaller than 0.05 : 0.0118888
98,Stopping : standard deviation of the last 20 best fitnesses is smaller than 0.05 : 0.0128997
99,Stopping : standard deviation of the last 20 best fitnesses is smaller than 0.05 : 0.0128997
100,Stopping : standard deviation of the last 20 best fitnesses is smaller than 0.05 : 0.0128997
101,Stopping : standard deviation of the last 20 best fitnesses is smaller than 0.05 : 0.0128247
102,Stopping : standard deviation of the last 20 best fitnesses is smaller than 0.05 : 0.0118888
103,Stopping : standard deviation of the last 20 best fitnesses is smaller than 0.05 : 0.0118888
104,Stopping : standard deviation of the last 20 best fitnesses is smaller than 0.05 : 0.0118618
105,Stopping : standard deviation of the last 20 best fitnesses is smaller than 0.05 : 0.0118888
106,Stopping : standard deviation of the last 20 best fitnesses is smaller than 0.05 : 0.0128997
107,Stopping : standard deviation of the last 20 best fitnesses is smaller than 0.05 : 0.0128997
108,Stopping : standard deviation of the last 20 best fitnesses is smaller than 0.05 : 0.0128997
109,Stopping : standard deviation of the last 20 best fitnesses is smaller than 0.05 : 0.0118888
110,Stopping : standard deviation of the last 20 best fitnesses is smaller than 0.05 : 0.0128997
111,Stopping : standard deviation of the last 20 best fitnesses is smaller than 0.05 : 0.0128247
112,Stopping : standard deviation of the last 20 best fitnesses is smaller than 0.05 : 0.0128997
113,Stopping : standard deviation of the last 20 best fitnesses is smaller than 0.05 : 0.0128247
114,Stopping : standard deviation of the last 20 best fitnesses is smaller than 0.05 : 0.0135079
115,Stopping : standard deviation of the last 20 best fitnesses is smaller than 0.05 : 0.0119964
116,Stopping : standard deviation of the last 20 best fitnesses is smaller than 0.05 : 0.0122875
117,Stopping : standard deviation of the last 20 best fitnesses is smaller than 0.05 : 0.0119964
118,Stopping : standard deviation of the last 20 best fitnesses is smaller than 0.05 : 0.0104816
119,Stopping : standard deviation of the last 20 best fitnesses is smaller than 0.05 : 0.0100113
120,Stopping : standard deviation of the last 20 best fitnesses is smaller than 0.05 : 0.0100113
121,Stopping : standard deviation of the last 20 best fitnesses is smaller than 0.05 : 0.00945008
122,Stopping : standard deviation of the last 20 best fitnesses is smaller than 0.05 : 0.0100113
123,Stopping : standard deviation of the last 20 best fitnesses is smaller than 0.05 : 0.0104816
124,Stopping : standard deviation of the last 20 best fitnesses is smaller than 0.05 : 0.0100113
125,Stopping : standard deviation of the last 20 best fitnesses is smaller than 0.05 : 0.0100113
126,Stopping : standard deviation of the last 20 best fitnesses is smaller than 0.05 : 0.00961855
127,Stopping : standard deviation of the last 20 best fitnesses is smaller than 0.05 : 0.00961855
128,Stopping : standard deviation of the last 20 best fitnesses is smaller than 0.05 : 0.0114484
129,Stopping : standard deviation of the last 20 best fitnesses is smaller than 0.05 : 0.0122875
130,Stopping : standard deviation of the last 20 best fitnesses is smaller than 0.05 : 0.0114484
131,Stopping : standard deviation of the last 20 best fitnesses is smaller than 0.05 : 0.0116431
132,Stopping : standard deviation of the last 20 best fitnesses is smaller than 0.05 : 0.0116431
133,Stopping : standard deviation of the last 20 best fitnesses is smaller than 0.05 : 0.0117803
134,Stopping : standard deviation of the last 20 best fitnesses is smaller than 0.05 : 0.0107539
135,Stopping : standard deviation of the last 20 best fitnesses is smaller than 0.05 : 0.0107539
136,Stopping : standard deviation of the last 20 best fitnesses is smaller than 0.05 : 0.0137903
137,Stopping : standard deviation of the last 20 best fitnesses is smaller than 0.05 : 0.0136733
138,Stopping : standard deviation of the last 20 best fitnesses is smaller than 0.05 : 0.0137903
139,Stopping : standard deviation of the last 20 best fitnesses is smaller than 0.05 : 0.0137903
140,Stopping : standard deviation of the last 20 best fitnesses is smaller than 0.05 : 0.0137903
141,Stopping : standard deviation of the last 20 best fitnesses is smaller than 0.05 : 0.0144278
142,Stopping : standard deviation of the last 20 best fitnesses is smaller than 0.05 : 0.0151023
143,Stopping : standard deviation of the last 20 best fitnesses is smaller than 0.05 : 0.0152925
144,Stopping : standard deviation of the last 20 best fitnesses is smaller than 0.05 : 0.0151023
145,Stopping : standard deviation of the last 20 best fitnesses is smaller than 0.05 : 0.0148665
146,Stopping : standard deviation of the last 20 best fitnesses is smaller than 0.05 : 0.0154389
147,Stopping : standard deviation of the last 20 best fitnesses is smaller than 0.05 : 0.0154389
148,Stopping : standard deviation of the last 20 best fitnesses is smaller than 0.05 : 0.0148665
149,Stopping : standard deviation of the last 20 best fitnesses is smaller than 0.05 : 0.01386
150,Stopping : standard deviation of the last 20 best fitnesses is smaller than 0.05 : 0.0134124
151,Stopping : standard deviation of the last 20 best fitnesses is smaller than 0.05 : 0.0134124
152,Stopping : standard deviation of the last 20 best fitnesses is smaller than 0.05 : 0.0134124
153,Stopping : standard deviation of the last 20 best fitnesses is smaller than 0.05 : 0.01386
154,Stopping : standard deviation of the last 20 best fitnesses is smaller than 0.05 : 0.0154389
155,Stopping : standard deviation of the last 20 best fitnesses is smaller than 0.05 : 0.0151235
156,Stopping : standard deviation of the last 20 best fitnesses is smaller than 0.05 : 0.0151235
157,Stopping : standard deviation of the last 20 best fitnesses is smaller than 0.05 : 0.0154389
158,Stopping : standard deviation of the last 20 best fitnesses is smaller than 0.05 : 0.0156044
159,Stopping : standard deviation of the last 20 best fitnesses is smaller than 0.05 : 0.0156044
160,Stopping : standard deviation of the last 20 best fitnesses is smaller than 0.05 : 0.0152083
161,Stopping : standard deviation of the last 20 best fitnesses is smaller than 0.05 : 0.0152083
162,Stopping : standard deviation of the last 20 best fitnesses is smaller than 0.05 : 0.014758
163,Stopping : standard deviation of the last 20 best fitnesses is smaller than 0.05 : 0.014758
164,Stopping : standard deviation of the last 20 best fitnesses is smaller than 0.05 : 0.014758
165,Stopping : standard deviation of the last 20 best fitnesses is smaller than 0.05 : 0.0151235
166,Stopping : standard deviation of the last 20 best fitnesses is smaller than 0.05 : 0.0148665
167,Stopping : standard deviation of the last 20 best fitnesses is smaller than 0.05 : 0.0148665
168,Stopping : standard deviation of the last 20 best fitnesses is smaller than 0.05 : 0.0151023
169,Stopping : standard deviation of the last 20 best fitnesses is smaller than 0.05 : 0.0144278
170,Stopping : standard deviation of the last 20 best fitnesses is smaller than 0.05 : 0.0151023
171,Stopping : standard deviation of the last 20 best fitnesses is smaller than 0.05 : 0.0152925
172,Stopping : standard deviation of the last 20 best fitnesses is smaller than 0.05 : 0.0152925
173,Stopping : standard deviation of the last 20 best fitnesses is smaller than 0.05 : 0.0152925
174,Stopping : standard deviation of the last 20 best fitnesses is smaller than 0.05 : 0.014226
175,Stopping : standard deviation of the last 20 best fitnesses is smaller than 0.05 : 0.0144278
176,Stopping : standard deviation of the last 20 best fitnesses is smaller than 0.05 : 0.0118618
177,Stopping : standard deviation of the last 20 best fitnesses is smaller than 0.05 : 0.0117803
178,Stopping : standard deviation of the last 20 best fitnesses is smaller than 0.05 : 0.0107239
179,Stopping : standard deviation of the last 20 best fitnesses is smaller than 0.05 : 0.0107239
180,Stopping : standard deviation of the last 20 best fitnesses is smaller than 0.05 : 0.0118618
181,Stopping : standard deviation of the last 20 best fitnesses is smaller than 0.05 : 0.0104816
182,Stopping : standard deviation of the last 20 best fitnesses is smaller than 0.05 : 0.0102648
183,Stopping : standard deviation of the last 20 best fitnesses is smaller than 0.05 : 0.0102648
184,Stopping : standard deviation of the last 20 best fitnesses is smaller than 0.05 : 0.00997916
185,Stopping : standard deviation of the last 20 best fitnesses is smaller than 0.05 : 0.00997916
186,Stopping : standard deviation of the last 20 best fitnesses is smaller than 0.05 : 0.00997916
187,Stopping : standard deviation of the last 20 best fitnesses is smaller than 0.05 : 0.00997916
188,Stopping : standard deviation of the last 20 best fitnesses is smaller than 0.05 : 0.00997916
189,Stopping : standard deviation of the last 20 best fitnesses is smaller than 0.05 : 0.0114484
190,Stopping : standard deviation of the last 20 best fitnesses is smaller than 0.05 : 0.00961855
191,Stopping : standard deviation of the last 20 best fitnesses is smaller than 0.05 : 0.00997916
192,Stopping : standard deviation of the last 20 best fitnesses is smaller than 0.05 : 0.00997916
193,Stopping : standard deviation of the last 20 best fitnesses is smaller than 0.05 : 0.00997916
194,Stopping : standard deviation of the last 20 best fitnesses is smaller than 0.05 : 0.00997916
195,Stopping : standard deviation of the last 20 best fitnesses is smaller than 0.05 : 0.0102648
196,Stopping : standard deviation of the last 20 best fitnesses is smaller than 0.05 : 0.0104816
197,Stopping : standard deviation of the last 20 best fitnesses is smaller than 0.05 : 0.0102648
198,Stopping : standard deviation of the last 20 best fitnesses is smaller than 0.05 : 0.0116431
199,Stopping : standard deviation of the last 20 best fitnesses is smaller than 0.05 : 0.0117803
200,Stopping : standard deviation of the last 20 best fitnesses is smaller than 0.05 : 0.0107539
201,Stopping : standard deviation of the last 20 best fitnesses is smaller than 0.05 : 0.0188832
202,Stopping : standard deviation of the last 20 best fitnesses is smaller than 0.05 : 0.0188832
203,Stopping : standard deviation of the last 20 best fitnesses is smaller than 0.05 : 0.0188832
204,Stopping : standard deviation of the last 20 best fitnesses is smaller than 0.05 : 0.0186951
205,Stopping : standard deviation of the last 20 best fitnesses is smaller than 0.05 : 0.0189002
206,Stopping : standard deviation of the last 20 best fitnesses is smaller than 0.05 : 0.0233826
207,Stopping : standard deviation of the last 20 best fitnesses is smaller than 0.05 : 0.0233826
208,Stopping : standard deviation of the last 20 best fitnesses is smaller than 0.05 : 0.0233826
209,Stopping : standard deviation of the last 20 best fitnesses is smaller than 0.05 : 0.0231756
210,Stopping : standard deviation of the last 20 best fitnesses is smaller than 0.05 : 0.0230087
211,Stopping : standard deviation of the last 20 best fitnesses is smaller than 0.05 : 0.0231618
212,Stopping : standard deviation of the last 20 best fitnesses is smaller than 0.05 : 0.0231618
213,Stopping : standard deviation of the last 20 best fitnesses is smaller than 0.05 : 0.0228265
214,Stopping : standard deviation of the last 20 best fitnesses is smaller than 0.05 : 0.0228265
215,Stopping : standard deviation of the last 20 best fitnesses is smaller than 0.05 : 0.0234923
216,Stopping : standard deviation of the last 20 best fitnesses is smaller than 0.05 : 0.0239929
217,Stopping : standard deviation of the last 20 best fitnesses is smaller than 0.05 : 0.0234923
218,Stopping : standard deviation of the last 20 best fitnesses is smaller than 0.05 : 0.0239258
219,Stopping : standard deviation of the last 20 best fitnesses is smaller than 0.05 : 0.0239258
220,Stopping : standard deviation of the last 20 best fitnesses is smaller than 0.05 : 0.0239258
221,Stopping : standard deviation of the last 20 best fitnesses is smaller than 0.05 : 0.0200226
222,Stopping : standard deviation of the last 20 best fitnesses is smaller than 0.05 : 0.0204512
223,Stopping : standard deviation of the last 20 best fitnesses is smaller than 0.05 : 0.0198938
224,Stopping : standard deviation of the last 20 best fitnesses is smaller than 0.05 : 0.0198938
225,Stopping : standard deviation of the last 20 best fitnesses is smaller than 0.05 : 0.0198129
226,Stopping : standard deviation of the last 20 best fitnesses is smaller than 0.05 : 0.0145828
227,Stopping : standard deviation of the last 20 best fitnesses is smaller than 0.05 : 0.0145828
228,Stopping : standard deviation of the last 20 best fitnesses is smaller than 0.05 : 0.014226
229,Stopping : standard deviation of the last 20 best fitnesses is smaller than 0.05 : 0.014226
230,Stopping : standard deviation of the last 20 best fitnesses is smaller than 0.05 : 0.0145828
231,Stopping : standard deviation of the last 20 best fitnesses is smaller than 0.05 : 0.0142486
232,Stopping : standard deviation of the last 20 best fitnesses is smaller than 0.05 : 0.0142486
233,Stopping : standard deviation of the last 20 best fitnesses is smaller than 0.05 : 0.0143385
234,Stopping : standard deviation of the last 20 best fitnesses is smaller than 0.05 : 0.01386
235,Stopping : standard deviation of the last 20 best fitnesses is smaller than 0.05 : 0.0124175
236,Stopping : standard deviation of the last 20 best fitnesses is smaller than 0.05 : 0.0124175
237,Stopping : standard deviation of the last 20 best fitnesses is smaller than 0.05 : 0.0128997
238,Stopping : standard deviation of the last 20 best fitnesses is smaller than 0.05 : 0.0126989
239,Stopping : standard deviation of the last 20 best fitnesses is smaller than 0.05 : 0.014226
240,Stopping : standard deviation of the last 20 best fitnesses is smaller than 0.05 : 0.0144278
241,Stopping : standard deviation of the last 20 best fitnesses is smaller than 0.05 : 0.0154389
242,Stopping : standard deviation of the last 20 best fitnesses is smaller than 0.05 : 0.0144278
243,Stopping : standard deviation of the last 20 best fitnesses is smaller than 0.05 : 0.0145828
244,Stopping : standard deviation of the last 20 best fitnesses is smaller than 0.05 : 0.0146926
245,Stopping : standard deviation of the last 20 best fitnesses is smaller than 0.05 : 0.0146926
246,Stopping : standard deviation of the last 20 best fitnesses is smaller than 0.05 : 0.014758
247,Stopping : standard deviation of the last 20 best fitnesses is smaller than 0.05 : 0.0146926
248,Stopping : standard deviation of the last 20 best fitnesses is smaller than 0.05 : 0.0146926
249,Stopping : standard deviation of the last 20 best fitnesses is smaller than 0.05 : 0.0145828
250,Stopping : standard deviation of the last 20 best fitnesses is smaller than 0.05 : 0.0132921
251,Stopping : standard deviation of the last 20 best fitnesses is smaller than 0.05 : 0.0130236
252,Stopping : standard deviation of the last 20 best fitnesses is smaller than 0.05 : 0.0126989
253,Stopping : standard deviation of the last 20 best fitnesses is smaller than 0.05 : 0.0113356
254,Stopping : standard deviation of the last 20 best fitnesses is smaller than 0.05 : 0.0107239
255,Stopping : standard deviation of the last 20 best fitnesses is smaller than 0.05 : 0.0107239
256,Stopping : standard deviation of the last 20 best fitnesses is smaller than 0.05 : 0.00764626
257,Stopping : standard deviation of the last 20 best fitnesses is smaller than 0.05 : 0.00764626
258,Stopping : standard deviation of the last 20 best fitnesses is smaller than 0.05 : 0.00764626
259,Stopping : standard deviation of the last 20 best fitnesses is smaller than 0.05 : 0.00764626
260,Stopping : standard deviation of the last 20 best fitnesses is smaller than 0.05 : 0.00817419
261,Stopping : standard deviation of the last 20 best fitnesses is smaller than 0.05 : 0.00764626
262,Stopping : standard deviation of the last 20 best fitnesses is smaller than 0.05 : 0.00863291
263,Stopping : standard deviation of the last 20 best fitnesses is smaller than 0.05 : 0.00863291
264,Stopping : standard deviation of the last 20 best fitnesses is smaller than 0.05 : 0.00945008
265,Stopping : standard deviation of the last 20 best fitnesses is smaller than 0.05 : 0.00945008
266,Stopping : standard deviation of the last 20 best fitnesses is smaller than 0.05 : 0.0101388
267,Stopping : standard deviation of the last 20 best fitnesses is smaller than 0.05 : 0.00945008
268,Stopping : standard deviation of the last 20 best fitnesses is smaller than 0.05 : 0.0101388
269,Stopping : standard deviation of the last 20 best fitnesses is smaller than 0.05 : 0.0101388
270,Stopping : standard deviation of the last 20 best fitnesses is smaller than 0.05 : 0.0101388
271,Stopping : standard deviation of the last 20 best fitnesses is smaller than 0.05 : 0.0101388
272,Stopping : standard deviation of the last 20 best fitnesses is smaller than 0.05 : 0.0107239
273,Stopping : standard deviation of the last 20 best fitnesses is smaller than 0.05 : 0.0101388
274,Stopping : standard deviation of the last 20 best fitnesses is smaller than 0.05 : 0.0107239
275,Stopping : standard deviation of the last 20 best fitnesses is smaller than 0.05 : 0.0107239
276,Stopping : standard deviation of the last 20 best fitnesses is smaller than 0.05 : 0.0107239
277,Stopping : standard deviation of the last 20 best fitnesses is smaller than 0.05 : 0.0107239
278,Stopping : standard deviation of the last 20 best fitnesses is smaller than 0.05 : 0.0107239
279,Stopping : standard deviation of the last 20 best fitnesses is smaller than 0.05 : 0.0101388
280,Stopping : standard deviation of the last 20 best fitnesses is smaller than 0.05 : 0.00945008
281,Stopping : standard deviation of the last 20 best fitnesses is smaller than 0.05 : 0.0101388
282,Stopping : standard deviation of the last 20 best fitnesses is smaller than 0.05 : 0.0100113
283,Stopping : standard deviation of the last 20 best fitnesses is smaller than 0.05 : 0.0100113
284,Stopping : standard deviation of the last 20 best fitnesses is smaller than 0.05 : 0.00961855
285,Stopping : standard deviation of the last 20 best fitnesses is smaller than 0.05 : 0.00859562
286,Stopping : standard deviation of the last 20 best fitnesses is smaller than 0.05 : 0.00734629
287,Stopping : standard deviation of the last 20 best fitnesses is smaller than 0.05 : 0.00734629
288,Stopping : standard deviation of the last 20 best fitnesses is smaller than 0.05 : 0.00694159
289,Stopping : standard deviation of the last 20 best fitnesses is smaller than 0.05 : 0.00694159
290,Stopping : standard deviation of the last 20 best fitnesses is smaller than 0.05 : 0.00694159
291,Stopping : standard deviation of the last 20 best fitnesses is smaller than 0.05 : 0.00694159
292,Stopping : standard deviation of the last 20 best fitnesses is smaller than 0.05 : 0.00641236
293,Stopping : standard deviation of the last 20 best fitnesses is smaller than 0.05 : 0.00641236
294,Stopping : standard deviation of the last 20 best fitnesses is smaller than 0.05 : 0.00572418
295,Stopping : standard deviation of the last 20 best fitnesses is smaller than 0.05 : 0.00572418
296,Stopping : standard deviation of the last 20 best fitnesses is smaller than 0.05 : 0.00572418
297,Stopping : standard deviation of the last 20 best fitnesses is smaller than 0.05 : 0.00572418
298,Stopping : standard deviation of the last 20 best fitnesses is smaller than 0.05 : 0.00572418
299,Stopping : standard deviation of the last 20 best fitnesses is smaller than 0.05 : 0.00572418
300,Stopping : standard deviation of the last 20 best fitnesses is smaller than 0.05 : 0.00572418
301,Stopping : standard deviation of the last 20 best fitnesses is smaller than 0.05 : 0.00480927
302,Stopping : standard deviation of the last 20 best fitnesses is smaller than 0.05 : 0.00349386
303,Stopping : standard deviation of the last 20 best fitnesses is smaller than 0.05 : 0.00349386
304,Stopping : standard deviation of the last 20 best fitnesses is smaller than 0.05 : 0
305,Stopping : standard deviation of the last 20 best fitnesses is smaller than 0.05 : 0
306,Stopping : standard deviation of the last 20 best fitnesses is smaller than 0.05 : 0
307,Stopping : standard deviation of the last 20 best fitnesses is smaller than 0.05 : 0
308,Stopping : standard deviation of the last 20 best fitnesses is smaller than 0.05 : 0
309,Stopping : standard deviation of the last 20 best fitnesses is smaller than 0.05 : 0
310,Stopping : standard deviation of the last 20 best fitnesses is smaller than 0.05 : 0
311,Stopping : standard deviation of the last 20 best fitnesses is smaller than 0.05 : 0
312,Stopping : standard deviation of the last 20 best fitnesses is smaller than 0.05 : 0
313,Stopping : standard deviation of the last 20 best fitnesses is smaller than 0.05 : 0
314,Stopping : standard deviation of the last 20 best fitnesses is smaller than 0.05 : 0
315,Stopping : standard deviation of the last 20 best fitnesses is smaller than 0.05 : 0
316,Stopping : standard deviation of the last 20 best fitnesses is smaller than 0.05 : 0
317,Stopping : standard deviation of the last 20 best fitnesses is smaller than 0.05 : 0
318,Stopping : standard deviation of the last 20 best fitnesses is smaller than 0.05 : 0
319,Stopping : standard deviation of the last 20 best fitnesses is smaller than 0.05 : 0
320,Stopping : standard deviation of the last 20 best fitnesses is smaller than 0.05 : 0.00349386
321,Stopping : standard deviation of the last 20 best fitnesses is smaller than 0.05 : 0.00349386
322,Stopping : standard deviation of the last 20 best fitnesses is smaller than 0.05 : 0.00349386
323,Stopping : standard deviation of the last 20 best fitnesses is smaller than 0.05 : 0.00349386
324,Stopping : standard deviation of the last 20 best fitnesses is smaller than 0.05 : 0.00480927
325,Stopping : standard deviation of the last 20 best fitnesses is smaller than 0.05 : 0.00480927
326,Stopping : standard deviation of the last 20 best fitnesses is smaller than 0.05 : 0.00480927
327,Stopping : standard deviation of the last 20 best fitnesses is smaller than 0.05 : 0.00480927
328,Stopping : standard deviation of the last 20 best fitnesses is smaller than 0.05 : 0.00480927
329,Stopping : standard deviation of the last 20 best fitnesses is smaller than 0.05 : 0.00480927
330,Stopping : standard deviation of the last 20 best fitnesses is smaller than 0.05 : 0.00480927
331,Stopping : standard deviation of the last 20 best fitnesses is smaller than 0.05 : 0.00480927
332,Stopping : standard deviation of the last 20 best fitnesses is smaller than 0.05 : 0.00480927
333,Stopping : standard deviation of the last 20 best fitnesses is smaller than 0.05 : 0.00480927
334,Stopping : standard deviation of the last 20 best fitnesses is smaller than 0.05 : 0.00480927
335,Stopping : standard deviation of the last 20 best fitnesses is smaller than 0.05 : 0.00572418
336,Stopping : standard deviation of the last 20 best fitnesses is smaller than 0.05 : 0.00572418
337,Stopping : standard deviation of the last 20 best fitnesses is smaller than 0.05 : 0.00572418
338,Stopping : standard deviation of the last 20 best fitnesses is smaller than 0.05 : 0.00572418
339,Stopping : standard deviation of the last 20 best fitnesses is smaller than 0.05 : 0.00572418
340,Stopping : standard deviation of the last 20 best fitnesses is smaller than 0.05 : 0.00480927
341,Stopping : standard deviation of the last 20 best fitnesses is smaller than 0.05 : 0.00480927
342,Stopping : standard deviation of the last 20 best fitnesses is smaller than 0.05 : 0.00480927
343,Stopping : standard deviation of the last 20 best fitnesses is smaller than 0.05 : 0.00480927
344,Stopping : standard deviation of the last 20 best fitnesses is smaller than 0.05 : 0.00349386
345,Stopping : standard deviation of the last 20 best fitnesses is smaller than 0.05 : 0.00349386
346,Stopping : standard deviation of the last 20 best fitnesses is smaller than 0.05 : 0.00349386
347,Stopping : standard deviation of the last 20 best fitnesses is smaller than 0.05 : 0.00349386
348,Stopping : standard deviation of the last 20 best fitnesses is smaller than 0.05 : 0.00349386
349,Stopping : standard deviation of the last 20 best fitnesses is smaller than 0.05 : 0.00349386
350,Stopping : standard deviation of the last 20 best fitnesses is smaller than 0.05 : 0.00480927
351,Stopping : standard deviation of the last 20 best fitnesses is smaller than 0.05 : 0.00480927
352,Stopping : standard deviation of the last 20 best fitnesses is smaller than 0.05 : 0.00480927
353,Stopping : standard deviation of the last 20 best fitnesses is smaller than 0.05 : 0.00480927
354,Stopping : standard deviation of the last 20 best fitnesses is smaller than 0.05 : 0.00572418
355,Stopping : standard deviation of the last 20 best fitnesses is smaller than 0.05 : 0.00480927
356,Stopping : standard deviation of the last 20 best fitnesses is smaller than 0.05 : 0.00480927
357,Stopping : standard deviation of the last 20 best fitnesses is smaller than 0.05 : 0.00572418
358,Stopping : standard deviation of the last 20 best fitnesses is smaller than 0.05 : 0.00572418
359,Stopping : standard deviation of the last 20 best fitnesses is smaller than 0.05 : 0.00572418
360,Stopping : standard deviation of the last 20 best fitnesses is smaller than 0.05 : 0.00572418
361,Stopping : standard deviation of the last 20 best fitnesses is smaller than 0.05 : 0.00572418
362,Stopping : standard deviation of the last 20 best fitnesses is smaller than 0.05 : 0.00572418
363,Stopping : standard deviation of the last 20 best fitnesses is smaller than 0.05 : 0.00572418
364,Stopping : standard deviation of the last 20 best fitnesses is smaller than 0.05 : 0.00572418
365,Stopping : standard deviation of the last 20 best fitnesses is smaller than 0.05 : 0.00572418
366,Stopping : standard deviation of the last 20 best fitnesses is smaller than 0.05 : 0.00572418
367,Stopping : standard deviation of the last 20 best fitnesses is smaller than 0.05 : 0.00572418
368,Stopping : standard deviation of the last 20 best fitnesses is smaller than 0.05 : 0.00572418
369,Stopping : standard deviation of the last 20 best fitnesses is smaller than 0.05 : 0.00572418
370,Stopping : standard deviation of the last 20 best fitnesses is smaller than 0.05 : 0.00480927
371,Stopping : standard deviation of the last 20 best fitnesses is smaller than 0.05 : 0.00480927
372,Stopping : standard deviation of the last 20 best fitnesses is smaller than 0.05 : 0.00480927
373,Stopping : standard deviation of the last 20 best fitnesses is smaller than 0.05 : 0.00480927
374,Stopping : standard deviation of the last 20 best fitnesses is smaller than 0.05 : 0.00349386
375,Stopping : standard deviation of the last 20 best fitnesses is smaller than 0.05 : 0.00349386
376,Stopping : standard deviation of the last 20 best fitnesses is smaller than 0.05 : 0.00349386
377,Stopping : standard deviation of the last 20 best fitnesses is smaller than 0.05 : 0
378,Stopping : standard deviation of the last 20 best fitnesses is smaller than 0.05 : 0
379,Stopping : standard deviation of the last 20 best fitnesses is smaller than 0.05 : 0
380,Stopping : standard deviation of the last 20 best fitnesses is smaller than 0.05 : 0
381,Stopping : standard deviation of the last 20 best fitnesses is smaller than 0.05 : 0
382,Stopping : standard deviation of the last 20 best fitnesses is smaller than 0.05 : 0
383,Stopping : standard deviation of the last 20 best fitnesses is smaller than 0.05 : 0
384,Stopping : standard deviation of the last 20 best fitnesses is smaller than 0.05 : 0
385,Stopping : standard deviation of the last 20 best fitnesses is smaller than 0.05 : 0
386,Stopping : standard deviation of the last 20 best fitnesses is smaller than 0.05 : 0
387,Stopping : standard deviation of the last 20 best fitnesses is smaller than 0.05 : 0
388,Stopping : standard deviation of the last 20 best fitnesses is smaller than 0.05 : 0
389,Stopping : standard deviation of the last 20 best fitnesses is smaller than 0.05 : 0
390,Stopping : standard deviation of the last 20 best fitnesses is smaller than 0.05 : 0
391,Stopping : standard deviation of the last 20 best fitnesses is smaller than 0.05 : 0
392,Stopping : standard deviation of the last 20 best fitnesses is smaller than 0.05 : 0
393,Stopping : standard deviation of the last 20 best fitnesses is smaller than 0.05 : 0
394,Stopping : standard deviation of the last 20 best fitnesses is smaller than 0.05 : 0
395,Stopping : standard deviation of the last 20 best fitnesses is smaller than 0.05 : 0
396,Stopping : standard deviation of the last 20 best fitnesses is smaller than 0.05 : 0
397,Stopping : standard deviation of the last 20 best fitnesses is smaller than 0.05 : 0
398,Stopping : standard deviation of the last 20 best fitnesses is smaller than 0.05 : 0
399,Stopping : standard deviation of the last 20 best fitnesses is smaller than 0.05 : 0
